{"count":1,"self":6868.9952767999994,"total":11586.042483899999,"children":{"InitializeActuators":{"count":1,"self":0.0045292,"total":0.0045292,"children":null},"InitializeSensors":{"count":1,"self":0.0052350999999999995,"total":0.0052350999999999995,"children":null},"AgentSendState":{"count":5000167,"self":79.7989504,"total":133.1518559,"children":{"CollectObservations":{"count":500017,"self":5.9381276,"total":5.9381276,"children":null},"WriteActionMask":{"count":500017,"self":2.3293988,"total":2.3293988999999997,"children":null},"RequestDecision":{"count":500017,"self":9.830396799999999,"total":45.0853761,"children":{"AgentInfo.ToProto":{"count":500017,"self":9.7462264,"total":35.2549797,"children":{"GenerateSensorData":{"count":500017,"self":21.5628,"total":25.508753199999997,"children":{"RayPerceptionSensor.Perceive":{"count":500017,"self":3.9459535999999997,"total":3.9459535999999997,"children":null}}}}}}}}},"DecideAction":{"count":5000167,"self":4524.4809215999994,"total":4524.4808375,"children":null},"AgentAct":{"count":5000167,"self":57.0421632,"total":57.7730392,"children":{"AgentInfo.ToProto":{"count":11687,"self":0.218607,"total":0.7308779,"children":{"GenerateSensorData":{"count":11687,"self":0.43877649999999996,"total":0.5122709,"children":{"RayPerceptionSensor.Perceive":{"count":11687,"self":0.0734944,"total":0.0734944,"children":null}}}}}}},"AgentInfo.ToProto":{"count":23676,"self":0.50350929999999994,"total":1.6305086,"children":{"GenerateSensorData":{"count":23676,"self":0.9459337,"total":1.1269993,"children":{"RayPerceptionSensor.Perceive":{"count":23676,"self":0.1810656,"total":0.1810656,"children":null}}}}}},"gauges":{"FollowerAgent.CumulativeReward":{"count":35363,"max":2,"min":0,"runningAverage":0.678053558,"value":1,"weightedAverage":0.9999206}},"metadata":{"timer_format_version":"0.1.0","start_time_seconds":"1705163492","unity_version":"2022.3.11f1","command_line_arguments":"C:\\Program Files\\Unity\\Hub\\Editor\\2022.3.11f1\\Editor\\Unity.exe -projectpath C:\\Users\\Juan Antonio\\Desktop\\UOC\\IA\\pec3\\PEC3_AI_ACTIVITY2 -useHub -hubIPC -cloudEnvironment production","communication_protocol_version":"1.5.0","com.unity.ml-agents_version":"2.3.0-exp.3","scene_name":"MainScene","end_time_seconds":"1705175078"}}